Mutant;testTS_1_1;testTS_1_2;testTS_1_3;testTS_1_4;testTS_1_5;testTS_1_6;testTS_1_7;testTS_1_8;testTS_1_9;testTS_1_10;testTS_1_11;testTS_1_12;testTS_1_13;testTS_1_14;testTS_1_15;testTS_1_16;testTS_1_17;testTS_1_18;testTS_1_19;testTS_1_20;testTS_1_21;testTS_1_22;testTS_1_23;testTS_1_24;testTS_1_25;testTS_1_26;testTS_1_27;testTS_1_28;testTS_1_29;testTS_1_30;testTS_1_31;testTS_1_32;testTS_1_33;testTS_1_34;testTS_1_35;testTS_1_36;testTS_1_37;testTS_1_38;testTS_1_39;testTS_1_40;testTS_1_41;testTS_1_42;testTS_1_43;testTS_1_44;testTS_1_45;testTS_1_46;testTS_1_47;testTS_1_48;testTS_1_49;testTS_1_50;testTS_1_51;testTS_1_52;testTS_1_53;testTS_1_54;testTS_1_55;testTS_1_56;testTS_1_57;testTS_1_58;testTS_1_59;testTS_1_60;testTS_1_61;testTS_1_62;testTS_1_63;testTS_1_64;testTS_1_65;testTS_1_66;testTS_1_67;testTS_1_68;testTS_1_69;testTS_1_70;testTS_1_71;testTS_1_72;testTS_1_73;testTS_1_74;testTS_1_75;testTS_1_76;testTS_1_77;testTS_1_78;testTS_1_79;testTS_1_80;testTS_1_81;testTS_1_82;testTS_1_83;testTS_1_84;testTS_1_85;testTS_1_86;testTS_1_87;testTS_1_88;testTS_1_89;testTS_1_90;testTS_1_91;testTS_1_92;testTS_1_93;testTS_1_94;testTS_1_95;testTS_1_96;Total;State
AOIS_1;1;1;1;1;1;1;1;1;1;1;1;1;1;1;1;1;1;1;1;1;1;1;1;1;1;1;1;1;1;1;1;1;1;1;1;1;1;1;1;1;1;1;1;1;1;1;1;1;1;1;1;1;1;1;1;1;1;1;1;1;1;1;1;1;1;1;1;1;1;1;1;1;1;1;1;1;1;1;1;1;1;1;1;1;1;1;1;1;1;1;1;1;1;1;1;1;96;Dead;
AOIS_2;1;1;1;1;1;1;1;1;1;1;1;1;1;1;1;1;1;1;1;1;1;1;1;1;1;1;1;1;1;1;1;1;1;1;1;1;1;1;1;1;1;1;1;1;1;1;1;1;1;1;1;1;1;1;1;1;1;1;1;1;1;1;1;1;1;1;1;1;1;1;1;1;1;1;1;1;1;1;1;1;1;1;1;1;1;1;1;1;1;1;1;1;1;1;1;1;96;Dead;
AOIS_5;1;1;1;1;1;1;1;1;1;1;1;1;1;1;1;1;1;1;1;1;1;1;1;1;1;1;1;1;1;1;1;1;1;1;1;1;1;1;1;1;1;1;1;1;1;1;1;1;1;1;1;1;1;1;1;1;1;1;1;1;1;1;1;1;1;1;1;1;1;1;1;1;1;1;1;1;1;1;1;1;1;1;1;1;1;1;1;1;1;1;1;1;1;1;1;1;96;Dead;
AOIS_6;1;1;1;1;1;1;1;1;1;1;1;1;1;1;1;1;1;1;1;1;1;1;1;1;1;1;1;1;1;1;1;1;1;1;1;1;1;1;1;1;1;1;1;1;1;1;1;1;1;1;1;1;1;1;1;1;1;1;1;1;1;1;1;1;1;1;1;1;1;1;1;1;1;1;1;1;1;1;1;1;1;1;1;1;1;1;1;1;1;1;1;1;1;1;1;1;96;Dead;
AOIS_9;1;1;1;1;1;1;1;1;1;1;1;1;1;1;1;1;1;1;1;1;1;1;1;1;1;1;1;1;1;1;1;1;1;1;1;1;1;1;1;1;1;1;1;1;1;1;1;1;1;1;1;1;1;1;1;1;1;1;1;1;1;1;1;1;1;1;1;1;1;1;1;1;1;1;1;1;1;1;1;1;1;1;1;1;1;1;1;1;1;1;1;1;1;1;1;1;96;Dead;
AOIS_10;1;1;1;1;1;1;1;1;1;1;1;1;1;1;1;1;1;1;1;1;1;1;1;1;1;1;1;1;1;1;1;1;1;1;1;1;1;1;1;1;1;1;1;1;1;1;1;1;1;1;1;1;1;1;1;1;1;1;1;1;1;1;1;1;1;1;1;1;1;1;1;1;1;1;1;1;1;1;1;1;1;1;1;1;1;1;1;1;1;1;1;1;1;1;1;1;96;Dead;
AOIS_13;1;1;1;1;1;1;1;1;1;1;1;1;1;1;1;1;1;1;1;1;1;1;1;1;1;1;1;1;1;1;1;1;1;1;1;1;1;1;1;1;1;1;1;1;1;1;1;1;1;1;1;1;1;1;1;1;1;1;1;1;1;1;1;1;1;1;1;1;1;1;1;1;1;1;1;1;1;1;1;1;1;1;1;1;1;1;1;1;1;1;1;1;1;1;1;1;96;Dead;
AOIS_14;1;1;1;1;1;1;1;1;1;1;1;1;1;1;1;1;1;1;1;1;1;1;1;1;1;1;1;1;1;1;1;1;1;1;1;1;1;1;1;1;1;1;1;1;1;1;1;1;1;1;1;1;1;1;1;1;1;1;1;1;1;1;1;1;1;1;1;1;1;1;1;1;1;1;1;1;1;1;1;1;1;1;1;1;1;1;1;1;1;1;1;1;1;1;1;1;96;Dead;
AOIS_17;0;0;0;0;0;0;0;0;0;1;0;1;0;0;1;1;0;1;0;0;1;0;0;1;0;1;1;0;0;1;0;1;1;1;0;1;0;1;0;1;0;1;0;1;0;0;0;1;0;1;0;0;0;1;0;1;0;1;0;1;0;1;1;1;0;1;0;1;1;0;0;1;0;0;1;0;0;1;0;0;1;1;0;1;0;0;0;1;0;1;0;0;0;0;0;0;38;Dead;
AOIS_18;0;0;0;0;0;0;0;1;0;0;1;0;0;1;0;1;1;0;0;1;0;1;0;0;0;1;1;1;0;0;0;1;1;1;1;0;0;1;1;0;1;0;0;1;1;0;0;0;0;1;1;0;0;0;0;1;1;0;1;0;0;1;1;1;1;0;0;1;1;1;0;0;0;1;0;1;0;0;0;1;0;1;1;0;0;1;0;0;1;0;0;0;0;0;0;0;38;Dead;
AOIS_19;0;0;0;0;0;0;0;0;0;1;0;0;0;0;1;1;0;0;0;0;1;0;0;0;0;0;1;0;0;0;0;0;1;1;0;0;0;0;0;1;0;0;0;0;0;0;0;0;0;0;0;0;0;0;0;0;0;1;0;0;0;0;1;1;0;0;0;0;1;0;0;0;0;0;1;0;0;0;0;0;1;1;0;0;0;0;0;1;0;0;0;0;0;0;0;0;16;Dead;
AOIS_20;0;0;0;0;0;0;0;0;1;0;1;0;0;0;1;1;1;0;0;0;1;1;0;0;0;0;1;1;0;0;0;0;1;1;1;0;0;0;1;0;1;0;0;0;0;0;0;0;0;0;0;0;0;0;0;0;1;0;1;0;0;0;1;1;1;0;0;0;1;1;0;0;0;0;1;1;0;0;0;0;1;1;1;0;0;0;1;0;1;0;0;0;0;0;0;0;28;Dead;
AOIS_21;0;1;0;0;0;0;0;1;0;0;0;0;0;1;0;0;0;0;0;1;0;0;0;0;0;1;0;0;0;0;0;1;0;0;0;0;0;1;0;0;0;0;0;1;0;0;0;0;0;1;0;0;0;0;0;1;0;0;0;0;0;1;0;0;0;0;0;1;0;0;0;0;0;1;0;0;0;0;0;1;0;0;0;0;0;1;0;0;0;0;0;1;0;0;0;0;16;Dead;
AOIS_22;0;1;0;0;0;0;0;1;0;0;0;0;0;1;0;0;0;0;0;1;0;0;0;0;0;1;0;0;0;0;0;1;0;0;0;0;0;1;0;0;0;0;0;1;0;0;0;0;0;1;0;0;0;0;0;1;0;0;0;0;0;1;0;0;0;0;0;1;0;0;0;0;0;1;0;0;0;0;0;1;0;0;0;0;0;1;0;0;0;0;0;1;0;0;0;0;16;Dead;
AOIS_23;0;1;0;0;0;0;0;1;0;0;0;0;0;1;0;0;0;0;0;1;0;0;0;0;0;1;0;0;0;0;0;1;0;0;0;0;0;1;0;0;0;0;0;1;0;0;0;0;0;1;0;0;0;0;0;1;0;0;0;0;0;1;0;0;0;0;0;1;0;0;0;0;0;1;0;0;0;0;0;1;0;0;0;0;0;1;0;0;0;0;0;1;0;0;0;0;16;Dead;
AOIS_24;0;1;0;0;0;0;0;1;0;0;0;0;0;1;0;0;0;0;0;1;0;0;0;0;0;1;0;0;0;0;0;1;0;0;0;0;0;1;0;0;0;0;0;1;0;0;0;0;0;1;0;0;0;0;0;1;0;0;0;0;0;1;0;0;0;0;0;1;0;0;0;0;0;1;0;0;0;0;0;1;0;0;0;0;0;1;0;0;0;0;0;1;0;0;0;0;16;Dead;
AOIS_25;0;1;0;0;0;0;0;1;0;0;0;0;0;1;0;0;0;0;0;1;0;0;0;0;0;1;0;0;0;0;0;1;0;0;0;0;0;1;0;0;0;0;0;1;0;0;0;0;0;1;0;0;0;0;0;1;0;0;0;0;0;1;0;0;0;0;0;1;0;0;0;0;0;1;0;0;0;0;0;1;0;0;0;0;0;1;0;0;0;0;0;1;0;0;0;0;16;Dead;
AOIS_26;0;1;0;0;0;0;0;1;0;0;0;0;0;1;0;0;0;0;0;1;0;0;0;0;0;1;0;0;0;0;0;1;0;0;0;0;0;1;0;0;0;0;0;1;0;0;0;0;0;1;0;0;0;0;0;1;0;0;0;0;0;1;0;0;0;0;0;1;0;0;0;0;0;1;0;0;0;0;0;1;0;0;0;0;0;1;0;0;0;0;0;1;0;0;0;0;16;Dead;
AOIS_29;0;1;0;0;0;0;0;1;0;0;0;0;0;1;0;0;0;0;0;1;0;0;0;0;0;1;0;0;0;0;0;1;0;0;0;0;0;1;0;0;0;0;0;1;0;0;0;0;0;1;0;0;0;0;0;1;0;0;0;0;0;1;0;0;0;0;0;1;0;0;0;0;0;1;0;0;0;0;0;1;0;0;0;0;0;1;0;0;0;0;0;1;0;0;0;0;16;Dead;
AOIS_30;0;1;0;0;0;0;0;1;0;0;0;0;0;1;0;0;0;0;0;1;0;0;0;0;0;1;0;0;0;0;0;1;0;0;0;0;0;1;0;0;0;0;0;1;0;0;0;0;0;1;0;0;0;0;0;1;0;0;0;0;0;1;0;0;0;0;0;1;0;0;0;0;0;1;0;0;0;0;0;1;0;0;0;0;0;1;0;0;0;0;0;1;0;0;0;0;16;Dead;
AOIS_31;0;1;0;0;0;0;0;1;0;0;0;0;0;1;0;0;0;0;0;1;0;0;0;0;0;1;0;0;0;0;0;1;0;0;0;0;0;1;0;0;0;0;0;1;0;0;0;0;0;1;0;0;0;0;0;1;0;0;0;0;0;1;0;0;0;0;0;1;0;0;0;0;0;1;0;0;0;0;0;1;0;0;0;0;0;1;0;0;0;0;0;1;0;0;0;0;16;Dead;
AOIS_32;0;1;0;0;0;0;0;1;0;0;0;0;0;1;0;0;0;0;0;1;0;0;0;0;0;1;0;0;0;0;0;1;0;0;0;0;0;1;0;0;0;0;0;1;0;0;0;0;0;1;0;0;0;0;0;1;0;0;0;0;0;1;0;0;0;0;0;1;0;0;0;0;0;1;0;0;0;0;0;1;0;0;0;0;0;1;0;0;0;0;0;1;0;0;0;0;16;Dead;
AOIS_33;0;1;0;0;0;0;0;1;0;0;0;0;0;1;0;0;0;0;0;1;0;0;0;0;0;1;0;0;0;0;0;1;0;0;0;0;0;1;0;0;0;0;0;1;0;0;0;0;0;1;0;0;0;0;0;1;0;0;0;0;0;1;0;0;0;0;0;1;0;0;0;0;0;1;0;0;0;0;0;1;0;0;0;0;0;1;0;0;0;0;0;1;0;0;0;0;16;Dead;
AOIS_34;0;1;0;0;0;0;0;1;0;0;0;0;0;1;0;0;0;0;0;1;0;0;0;0;0;1;0;0;0;0;0;1;0;0;0;0;0;1;0;0;0;0;0;1;0;0;0;0;0;1;0;0;0;0;0;1;0;0;0;0;0;1;0;0;0;0;0;1;0;0;0;0;0;1;0;0;0;0;0;1;0;0;0;0;0;1;0;0;0;0;0;1;0;0;0;0;16;Dead;
AOIS_37;0;1;0;0;0;0;0;1;0;0;0;0;0;1;0;0;0;0;0;1;0;0;0;0;0;1;0;0;0;0;0;1;0;0;0;0;0;1;0;0;0;0;0;1;0;0;0;0;0;1;0;0;0;0;0;1;0;0;0;0;0;1;0;0;0;0;0;1;0;0;0;0;0;1;0;0;0;0;0;1;0;0;0;0;0;1;0;0;0;0;0;1;0;0;0;0;16;Dead;
AOIS_38;0;1;0;0;0;0;0;1;0;0;0;0;0;1;0;0;0;0;0;1;0;0;0;0;0;1;0;0;0;0;0;1;0;0;0;0;0;1;0;0;0;0;0;1;0;0;0;0;0;1;0;0;0;0;0;1;0;0;0;0;0;1;0;0;0;0;0;1;0;0;0;0;0;1;0;0;0;0;0;1;0;0;0;0;0;1;0;0;0;0;0;1;0;0;0;0;16;Dead;
AOIS_41;0;1;0;0;0;0;0;1;0;0;0;0;0;1;0;0;0;0;0;1;0;0;0;0;0;1;0;0;0;0;0;1;0;0;0;0;0;1;0;0;0;0;0;1;0;0;0;0;0;1;0;0;0;0;0;1;0;0;0;0;0;1;0;0;0;0;0;1;0;0;0;0;0;1;0;0;0;0;0;1;0;0;0;0;0;1;0;0;0;0;0;1;0;0;0;0;16;Dead;
AOIS_42;0;1;0;0;0;0;0;1;0;0;0;0;0;1;0;0;0;0;0;1;0;0;0;0;0;1;0;0;0;0;0;1;0;0;0;0;0;1;0;0;0;0;0;1;0;0;0;0;0;1;0;0;0;0;0;1;0;0;0;0;0;1;0;0;0;0;0;1;0;0;0;0;0;1;0;0;0;0;0;1;0;0;0;0;0;1;0;0;0;0;0;1;0;0;0;0;16;Dead;
AOIS_45;0;0;0;0;0;0;0;0;0;1;0;0;0;0;1;1;0;0;0;0;1;0;0;0;0;0;1;0;0;0;0;0;1;1;0;0;0;0;0;1;0;0;0;0;0;0;0;0;0;0;0;0;0;0;0;0;0;1;0;0;0;0;1;1;0;0;0;0;1;0;0;0;0;0;1;0;0;0;0;0;1;1;0;0;0;0;0;1;0;0;0;0;0;0;0;0;16;Dead;
AOIS_46;0;0;0;0;0;0;0;0;1;0;1;0;0;0;1;1;1;0;0;0;1;1;0;0;0;0;1;1;0;0;0;0;1;1;1;0;0;0;1;0;1;0;0;0;0;0;0;0;0;0;0;0;0;0;0;0;1;0;1;0;0;0;1;1;1;0;0;0;1;1;0;0;0;0;1;1;0;0;0;0;1;1;1;0;0;0;1;0;1;0;0;0;0;0;0;0;28;Dead;
AOIS_47;0;0;0;0;0;0;0;0;0;1;0;0;0;0;0;1;0;0;0;0;0;0;0;0;0;0;0;0;0;0;0;0;0;1;0;0;0;0;0;1;0;0;0;0;0;0;0;0;0;0;0;0;0;0;0;0;0;1;0;0;0;0;0;1;0;0;0;0;0;0;0;0;0;0;0;0;0;0;0;0;0;1;0;0;0;0;0;1;0;0;0;0;0;0;0;0;8;Dead;
AOIS_48;0;0;0;0;0;0;0;0;0;1;1;0;0;0;0;1;1;0;0;0;0;0;0;0;0;0;0;0;0;0;0;0;0;1;1;0;0;0;0;1;1;0;0;0;0;0;0;0;0;0;0;0;0;0;0;0;0;1;1;0;0;0;0;1;1;0;0;0;0;0;0;0;0;0;0;0;0;0;0;0;0;1;1;0;0;0;0;1;1;0;0;0;0;0;0;0;16;Dead;
AOIS_49;0;0;1;0;0;0;0;0;1;0;0;0;0;0;1;0;0;0;0;0;1;0;0;0;0;0;1;0;0;0;0;0;1;0;0;0;0;0;1;0;0;0;0;0;1;0;0;0;0;0;1;0;0;0;0;0;1;0;0;0;0;0;1;0;0;0;0;0;1;0;0;0;0;0;1;0;0;0;0;0;1;0;0;0;0;0;1;0;0;0;0;0;1;0;0;0;16;Dead;
AOIS_50;0;0;1;0;0;0;0;0;1;0;0;0;0;0;1;0;0;0;0;0;1;0;0;0;0;0;1;0;0;0;0;0;1;0;0;0;0;0;1;0;0;0;0;0;1;0;0;0;0;0;1;0;0;0;0;0;1;0;0;0;0;0;1;0;0;0;0;0;1;0;0;0;0;0;1;0;0;0;0;0;1;0;0;0;0;0;1;0;0;0;0;0;1;0;0;0;16;Dead;
AOIS_51;0;0;1;0;0;0;0;0;1;0;0;0;0;0;1;0;0;0;0;0;1;0;0;0;0;0;1;0;0;0;0;0;1;0;0;0;0;0;1;0;0;0;0;0;1;0;0;0;0;0;1;0;0;0;0;0;1;0;0;0;0;0;1;0;0;0;0;0;1;0;0;0;0;0;1;0;0;0;0;0;1;0;0;0;0;0;1;0;0;0;0;0;1;0;0;0;16;Dead;
AOIS_52;0;0;1;0;0;0;0;0;1;0;0;0;0;0;1;0;0;0;0;0;1;0;0;0;0;0;1;0;0;0;0;0;1;0;0;0;0;0;1;0;0;0;0;0;1;0;0;0;0;0;1;0;0;0;0;0;1;0;0;0;0;0;1;0;0;0;0;0;1;0;0;0;0;0;1;0;0;0;0;0;1;0;0;0;0;0;1;0;0;0;0;0;1;0;0;0;16;Dead;
AOIS_53;0;0;1;0;0;0;0;0;1;0;0;0;0;0;1;0;0;0;0;0;1;0;0;0;0;0;1;0;0;0;0;0;1;0;0;0;0;0;1;0;0;0;0;0;1;0;0;0;0;0;1;0;0;0;0;0;1;0;0;0;0;0;1;0;0;0;0;0;1;0;0;0;0;0;1;0;0;0;0;0;1;0;0;0;0;0;1;0;0;0;0;0;1;0;0;0;16;Dead;
AOIS_54;0;0;1;0;0;0;0;0;1;0;0;0;0;0;1;0;0;0;0;0;1;0;0;0;0;0;1;0;0;0;0;0;1;0;0;0;0;0;1;0;0;0;0;0;1;0;0;0;0;0;1;0;0;0;0;0;1;0;0;0;0;0;1;0;0;0;0;0;1;0;0;0;0;0;1;0;0;0;0;0;1;0;0;0;0;0;1;0;0;0;0;0;1;0;0;0;16;Dead;
AOIS_57;0;0;1;0;0;0;0;0;1;0;0;0;0;0;1;0;0;0;0;0;1;0;0;0;0;0;1;0;0;0;0;0;1;0;0;0;0;0;1;0;0;0;0;0;1;0;0;0;0;0;1;0;0;0;0;0;1;0;0;0;0;0;1;0;0;0;0;0;1;0;0;0;0;0;1;0;0;0;0;0;1;0;0;0;0;0;1;0;0;0;0;0;1;0;0;0;16;Dead;
AOIS_58;0;0;1;0;0;0;0;0;1;0;0;0;0;0;1;0;0;0;0;0;1;0;0;0;0;0;1;0;0;0;0;0;1;0;0;0;0;0;1;0;0;0;0;0;1;0;0;0;0;0;1;0;0;0;0;0;1;0;0;0;0;0;1;0;0;0;0;0;1;0;0;0;0;0;1;0;0;0;0;0;1;0;0;0;0;0;1;0;0;0;0;0;1;0;0;0;16;Dead;
AOIS_59;0;0;1;0;0;0;0;0;1;0;0;0;0;0;1;0;0;0;0;0;1;0;0;0;0;0;1;0;0;0;0;0;1;0;0;0;0;0;1;0;0;0;0;0;1;0;0;0;0;0;1;0;0;0;0;0;1;0;0;0;0;0;1;0;0;0;0;0;1;0;0;0;0;0;1;0;0;0;0;0;1;0;0;0;0;0;1;0;0;0;0;0;1;0;0;0;16;Dead;
AOIS_60;0;0;1;0;0;0;0;0;1;0;0;0;0;0;1;0;0;0;0;0;1;0;0;0;0;0;1;0;0;0;0;0;1;0;0;0;0;0;1;0;0;0;0;0;1;0;0;0;0;0;1;0;0;0;0;0;1;0;0;0;0;0;1;0;0;0;0;0;1;0;0;0;0;0;1;0;0;0;0;0;1;0;0;0;0;0;1;0;0;0;0;0;1;0;0;0;16;Dead;
AOIS_61;0;0;1;0;0;0;0;0;1;0;0;0;0;0;1;0;0;0;0;0;1;0;0;0;0;0;1;0;0;0;0;0;1;0;0;0;0;0;1;0;0;0;0;0;1;0;0;0;0;0;1;0;0;0;0;0;1;0;0;0;0;0;1;0;0;0;0;0;1;0;0;0;0;0;1;0;0;0;0;0;1;0;0;0;0;0;1;0;0;0;0;0;1;0;0;0;16;Dead;
AOIS_62;0;0;1;0;0;0;0;0;1;0;0;0;0;0;1;0;0;0;0;0;1;0;0;0;0;0;1;0;0;0;0;0;1;0;0;0;0;0;1;0;0;0;0;0;1;0;0;0;0;0;1;0;0;0;0;0;1;0;0;0;0;0;1;0;0;0;0;0;1;0;0;0;0;0;1;0;0;0;0;0;1;0;0;0;0;0;1;0;0;0;0;0;1;0;0;0;16;Dead;
AOIS_65;0;0;1;0;0;0;0;0;1;0;0;0;0;0;1;0;0;0;0;0;1;0;0;0;0;0;1;0;0;0;0;0;1;0;0;0;0;0;1;0;0;0;0;0;1;0;0;0;0;0;1;0;0;0;0;0;1;0;0;0;0;0;1;0;0;0;0;0;1;0;0;0;0;0;1;0;0;0;0;0;1;0;0;0;0;0;1;0;0;0;0;0;1;0;0;0;16;Dead;
AOIS_66;0;0;1;0;0;0;0;0;1;0;0;0;0;0;1;0;0;0;0;0;1;0;0;0;0;0;1;0;0;0;0;0;1;0;0;0;0;0;1;0;0;0;0;0;1;0;0;0;0;0;1;0;0;0;0;0;1;0;0;0;0;0;1;0;0;0;0;0;1;0;0;0;0;0;1;0;0;0;0;0;1;0;0;0;0;0;1;0;0;0;0;0;1;0;0;0;16;Dead;
AOIS_69;0;0;1;0;0;0;0;0;1;0;0;0;0;0;1;0;0;0;0;0;1;0;0;0;0;0;1;0;0;0;0;0;1;0;0;0;0;0;1;0;0;0;0;0;1;0;0;0;0;0;1;0;0;0;0;0;1;0;0;0;0;0;1;0;0;0;0;0;1;0;0;0;0;0;1;0;0;0;0;0;1;0;0;0;0;0;1;0;0;0;0;0;1;0;0;0;16;Dead;
AOIS_70;0;0;1;0;0;0;0;0;1;0;0;0;0;0;1;0;0;0;0;0;1;0;0;0;0;0;1;0;0;0;0;0;1;0;0;0;0;0;1;0;0;0;0;0;1;0;0;0;0;0;1;0;0;0;0;0;1;0;0;0;0;0;1;0;0;0;0;0;1;0;0;0;0;0;1;0;0;0;0;0;1;0;0;0;0;0;1;0;0;0;0;0;1;0;0;0;16;Dead;
AOIS_73;0;0;0;0;0;0;0;0;0;1;0;0;0;0;0;1;0;0;0;0;0;0;0;0;0;0;0;0;0;0;0;0;0;1;0;0;0;0;0;1;0;0;0;0;0;0;0;0;0;0;0;0;0;0;0;0;0;1;0;0;0;0;0;1;0;0;0;0;0;0;0;0;0;0;0;0;0;0;0;0;0;1;0;0;0;0;0;1;0;0;0;0;0;0;0;0;8;Dead;
AOIS_74;0;0;0;0;0;0;0;0;0;1;1;0;0;0;0;1;1;0;0;0;0;0;0;0;0;0;0;0;0;0;0;0;0;1;1;0;0;0;0;1;1;0;0;0;0;0;0;0;0;0;0;0;0;0;0;0;0;1;1;0;0;0;0;1;1;0;0;0;0;0;0;0;0;0;0;0;0;0;0;0;0;1;1;0;0;0;0;1;1;0;0;0;0;0;0;0;16;Dead;
AOIS_77;0;0;0;1;0;0;0;0;0;1;0;0;0;0;0;1;0;0;0;0;0;1;0;0;0;0;0;1;0;0;0;0;0;1;0;0;0;0;0;1;0;0;0;0;0;1;0;0;0;0;0;1;0;0;0;0;0;1;0;0;0;0;0;1;0;0;0;0;0;1;0;0;0;0;0;1;0;0;0;0;0;1;0;0;0;0;0;1;0;0;0;0;0;1;0;0;16;Dead;
AOIS_78;0;0;0;1;0;0;0;0;0;1;0;0;0;0;0;1;0;0;0;0;0;1;0;0;0;0;0;1;0;0;0;0;0;1;0;0;0;0;0;1;0;0;0;0;0;1;0;0;0;0;0;1;0;0;0;0;0;1;0;0;0;0;0;1;0;0;0;0;0;1;0;0;0;0;0;1;0;0;0;0;0;1;0;0;0;0;0;1;0;0;0;0;0;1;0;0;16;Dead;
AOIS_79;0;0;0;1;0;0;0;0;0;1;0;0;0;0;0;1;0;0;0;0;0;1;0;0;0;0;0;1;0;0;0;0;0;1;0;0;0;0;0;1;0;0;0;0;0;1;0;0;0;0;0;1;0;0;0;0;0;1;0;0;0;0;0;1;0;0;0;0;0;1;0;0;0;0;0;1;0;0;0;0;0;1;0;0;0;0;0;1;0;0;0;0;0;1;0;0;16;Dead;
AOIS_80;0;0;0;1;0;0;0;0;0;1;0;0;0;0;0;1;0;0;0;0;0;1;0;0;0;0;0;1;0;0;0;0;0;1;0;0;0;0;0;1;0;0;0;0;0;1;0;0;0;0;0;1;0;0;0;0;0;1;0;0;0;0;0;1;0;0;0;0;0;1;0;0;0;0;0;1;0;0;0;0;0;1;0;0;0;0;0;1;0;0;0;0;0;1;0;0;16;Dead;
AOIS_81;0;0;0;1;0;0;0;0;0;1;0;0;0;0;0;1;0;0;0;0;0;1;0;0;0;0;0;1;0;0;0;0;0;1;0;0;0;0;0;1;0;0;0;0;0;1;0;0;0;0;0;1;0;0;0;0;0;1;0;0;0;0;0;1;0;0;0;0;0;1;0;0;0;0;0;1;0;0;0;0;0;1;0;0;0;0;0;1;0;0;0;0;0;1;0;0;16;Dead;
AOIS_82;0;0;0;1;0;0;0;0;0;1;0;0;0;0;0;1;0;0;0;0;0;1;0;0;0;0;0;1;0;0;0;0;0;1;0;0;0;0;0;1;0;0;0;0;0;1;0;0;0;0;0;1;0;0;0;0;0;1;0;0;0;0;0;1;0;0;0;0;0;1;0;0;0;0;0;1;0;0;0;0;0;1;0;0;0;0;0;1;0;0;0;0;0;1;0;0;16;Dead;
AOIS_85;0;0;0;1;0;0;0;0;0;1;0;0;0;0;0;1;0;0;0;0;0;1;0;0;0;0;0;1;0;0;0;0;0;1;0;0;0;0;0;1;0;0;0;0;0;1;0;0;0;0;0;1;0;0;0;0;0;1;0;0;0;0;0;1;0;0;0;0;0;1;0;0;0;0;0;1;0;0;0;0;0;1;0;0;0;0;0;1;0;0;0;0;0;1;0;0;16;Dead;
AOIS_86;0;0;0;1;0;0;0;0;0;1;0;0;0;0;0;1;0;0;0;0;0;1;0;0;0;0;0;1;0;0;0;0;0;1;0;0;0;0;0;1;0;0;0;0;0;1;0;0;0;0;0;1;0;0;0;0;0;1;0;0;0;0;0;1;0;0;0;0;0;1;0;0;0;0;0;1;0;0;0;0;0;1;0;0;0;0;0;1;0;0;0;0;0;1;0;0;16;Dead;
AOIS_87;0;0;0;1;0;0;0;0;0;1;0;0;0;0;0;1;0;0;0;0;0;1;0;0;0;0;0;1;0;0;0;0;0;1;0;0;0;0;0;1;0;0;0;0;0;1;0;0;0;0;0;1;0;0;0;0;0;1;0;0;0;0;0;1;0;0;0;0;0;1;0;0;0;0;0;1;0;0;0;0;0;1;0;0;0;0;0;1;0;0;0;0;0;1;0;0;16;Dead;
AOIS_88;0;0;0;1;0;0;0;0;0;1;0;0;0;0;0;1;0;0;0;0;0;1;0;0;0;0;0;1;0;0;0;0;0;1;0;0;0;0;0;1;0;0;0;0;0;1;0;0;0;0;0;1;0;0;0;0;0;1;0;0;0;0;0;1;0;0;0;0;0;1;0;0;0;0;0;1;0;0;0;0;0;1;0;0;0;0;0;1;0;0;0;0;0;1;0;0;16;Dead;
AOIS_89;0;0;0;1;0;0;0;0;0;1;0;0;0;0;0;1;0;0;0;0;0;1;0;0;0;0;0;1;0;0;0;0;0;1;0;0;0;0;0;1;0;0;0;0;0;1;0;0;0;0;0;1;0;0;0;0;0;1;0;0;0;0;0;1;0;0;0;0;0;1;0;0;0;0;0;1;0;0;0;0;0;1;0;0;0;0;0;1;0;0;0;0;0;1;0;0;16;Dead;
AOIS_90;0;0;0;1;0;0;0;0;0;1;0;0;0;0;0;1;0;0;0;0;0;1;0;0;0;0;0;1;0;0;0;0;0;1;0;0;0;0;0;1;0;0;0;0;0;1;0;0;0;0;0;1;0;0;0;0;0;1;0;0;0;0;0;1;0;0;0;0;0;1;0;0;0;0;0;1;0;0;0;0;0;1;0;0;0;0;0;1;0;0;0;0;0;1;0;0;16;Dead;
AOIS_93;0;0;0;1;0;0;0;0;0;1;0;0;0;0;0;1;0;0;0;0;0;1;0;0;0;0;0;1;0;0;0;0;0;1;0;0;0;0;0;1;0;0;0;0;0;1;0;0;0;0;0;1;0;0;0;0;0;1;0;0;0;0;0;1;0;0;0;0;0;1;0;0;0;0;0;1;0;0;0;0;0;1;0;0;0;0;0;1;0;0;0;0;0;1;0;0;16;Dead;
AOIS_94;0;0;0;1;0;0;0;0;0;1;0;0;0;0;0;1;0;0;0;0;0;1;0;0;0;0;0;1;0;0;0;0;0;1;0;0;0;0;0;1;0;0;0;0;0;1;0;0;0;0;0;1;0;0;0;0;0;1;0;0;0;0;0;1;0;0;0;0;0;1;0;0;0;0;0;1;0;0;0;0;0;1;0;0;0;0;0;1;0;0;0;0;0;1;0;0;16;Dead;
AOIS_97;0;0;0;1;0;0;0;0;0;1;0;0;0;0;0;1;0;0;0;0;0;1;0;0;0;0;0;1;0;0;0;0;0;1;0;0;0;0;0;1;0;0;0;0;0;1;0;0;0;0;0;1;0;0;0;0;0;1;0;0;0;0;0;1;0;0;0;0;0;1;0;0;0;0;0;1;0;0;0;0;0;1;0;0;0;0;0;1;0;0;0;0;0;1;0;0;16;Dead;
AOIS_98;0;0;0;1;0;0;0;0;0;1;0;0;0;0;0;1;0;0;0;0;0;1;0;0;0;0;0;1;0;0;0;0;0;1;0;0;0;0;0;1;0;0;0;0;0;1;0;0;0;0;0;1;0;0;0;0;0;1;0;0;0;0;0;1;0;0;0;0;0;1;0;0;0;0;0;1;0;0;0;0;0;1;0;0;0;0;0;1;0;0;0;0;0;1;0;0;16;Dead;
AOIS_101;1;0;0;0;1;1;1;0;0;0;1;1;1;0;0;0;1;1;1;0;0;0;1;1;1;0;0;0;1;1;1;0;0;0;1;1;1;0;0;0;1;1;1;0;0;0;1;1;1;0;0;0;1;1;1;0;0;0;1;1;1;0;0;0;1;1;1;0;0;0;1;1;1;0;0;0;1;1;1;0;0;0;1;1;1;0;0;0;1;1;1;0;0;0;1;1;48;Dead;
AOIS_102;1;0;0;0;1;1;1;0;0;0;1;1;1;0;0;0;1;1;1;0;0;0;1;1;1;0;0;0;1;1;1;0;0;0;1;1;1;0;0;0;1;1;1;0;0;0;1;1;1;0;0;0;1;1;1;0;0;0;1;1;1;0;0;0;1;1;1;0;0;0;1;1;1;0;0;0;1;1;1;0;0;0;1;1;1;0;0;0;1;1;1;0;0;0;1;1;48;Dead;
AOIS_103;1;0;0;0;1;1;1;0;0;0;1;1;1;0;0;0;1;1;1;0;0;0;1;1;1;0;0;0;1;1;1;0;0;0;1;1;1;0;0;0;1;1;1;0;0;0;1;1;1;0;0;0;1;1;1;0;0;0;1;1;1;0;0;0;1;1;1;0;0;0;1;1;1;0;0;0;1;1;1;0;0;0;1;1;1;0;0;0;1;1;1;0;0;0;1;1;48;Dead;
AOIS_104;1;0;0;0;1;1;1;0;0;0;1;1;1;0;0;0;1;1;1;0;0;0;1;1;1;0;0;0;1;1;1;0;0;0;1;1;1;0;0;0;1;1;1;0;0;0;1;1;1;0;0;0;1;1;1;0;0;0;1;1;1;0;0;0;1;1;1;0;0;0;1;1;1;0;0;0;1;1;1;0;0;0;1;1;1;0;0;0;1;1;1;0;0;0;1;1;48;Dead;
AOIS_105;1;0;0;0;1;1;1;0;0;0;1;1;1;0;0;0;1;1;1;0;0;0;1;1;1;0;0;0;1;1;1;0;0;0;1;1;1;0;0;0;1;1;1;0;0;0;1;1;1;0;0;0;1;1;1;0;0;0;1;1;1;0;0;0;1;1;1;0;0;0;1;1;1;0;0;0;1;1;1;0;0;0;1;1;1;0;0;0;1;1;1;0;0;0;1;1;48;Dead;
AOIS_106;1;0;0;0;1;1;1;0;0;0;1;1;1;0;0;0;1;1;1;0;0;0;1;1;1;0;0;0;1;1;1;0;0;0;1;1;1;0;0;0;1;1;1;0;0;0;1;1;1;0;0;0;1;1;1;0;0;0;1;1;1;0;0;0;1;1;1;0;0;0;1;1;1;0;0;0;1;1;1;0;0;0;1;1;1;0;0;0;1;1;1;0;0;0;1;1;48;Dead;
AOIS_109;1;0;0;0;1;1;1;0;0;0;1;1;1;0;0;0;1;1;1;0;0;0;1;1;1;0;0;0;1;1;1;0;0;0;1;1;1;0;0;0;1;1;1;0;0;0;1;1;1;0;0;0;1;1;1;0;0;0;1;1;1;0;0;0;1;1;1;0;0;0;1;1;1;0;0;0;1;1;1;0;0;0;1;1;1;0;0;0;1;1;1;0;0;0;1;1;48;Dead;
AOIS_110;1;0;0;0;1;1;1;0;0;0;1;1;1;0;0;0;1;1;1;0;0;0;1;1;1;0;0;0;1;1;1;0;0;0;1;1;1;0;0;0;1;1;1;0;0;0;1;1;1;0;0;0;1;1;1;0;0;0;1;1;1;0;0;0;1;1;1;0;0;0;1;1;1;0;0;0;1;1;1;0;0;0;1;1;1;0;0;0;1;1;1;0;0;0;1;1;48;Dead;
AOIS_111;1;0;0;0;1;1;1;0;0;0;1;1;1;0;0;0;1;1;1;0;0;0;1;1;1;0;0;0;1;1;1;0;0;0;1;1;1;0;0;0;1;1;1;0;0;0;1;1;1;0;0;0;1;1;1;0;0;0;1;1;1;0;0;0;1;1;1;0;0;0;1;1;1;0;0;0;1;1;1;0;0;0;1;1;1;0;0;0;1;1;1;0;0;0;1;1;48;Dead;
AOIS_112;1;0;0;0;1;1;1;0;0;0;1;1;1;0;0;0;1;1;1;0;0;0;1;1;1;0;0;0;1;1;1;0;0;0;1;1;1;0;0;0;1;1;1;0;0;0;1;1;1;0;0;0;1;1;1;0;0;0;1;1;1;0;0;0;1;1;1;0;0;0;1;1;1;0;0;0;1;1;1;0;0;0;1;1;1;0;0;0;1;1;1;0;0;0;1;1;48;Dead;
AOIS_113;1;0;0;0;1;1;1;0;0;0;1;1;1;0;0;0;1;1;1;0;0;0;1;1;1;0;0;0;1;1;1;0;0;0;1;1;1;0;0;0;1;1;1;0;0;0;1;1;1;0;0;0;1;1;1;0;0;0;1;1;1;0;0;0;1;1;1;0;0;0;1;1;1;0;0;0;1;1;1;0;0;0;1;1;1;0;0;0;1;1;1;0;0;0;1;1;48;Dead;
AOIS_114;1;0;0;0;1;1;1;0;0;0;1;1;1;0;0;0;1;1;1;0;0;0;1;1;1;0;0;0;1;1;1;0;0;0;1;1;1;0;0;0;1;1;1;0;0;0;1;1;1;0;0;0;1;1;1;0;0;0;1;1;1;0;0;0;1;1;1;0;0;0;1;1;1;0;0;0;1;1;1;0;0;0;1;1;1;0;0;0;1;1;1;0;0;0;1;1;48;Dead;
AOIS_117;1;0;0;0;1;1;1;0;0;0;1;1;1;0;0;0;1;1;1;0;0;0;1;1;1;0;0;0;1;1;1;0;0;0;1;1;1;0;0;0;1;1;1;0;0;0;1;1;1;0;0;0;1;1;1;0;0;0;1;1;1;0;0;0;1;1;1;0;0;0;1;1;1;0;0;0;1;1;1;0;0;0;1;1;1;0;0;0;1;1;1;0;0;0;1;1;48;Dead;
AOIS_118;1;0;0;0;1;1;1;0;0;0;1;1;1;0;0;0;1;1;1;0;0;0;1;1;1;0;0;0;1;1;1;0;0;0;1;1;1;0;0;0;1;1;1;0;0;0;1;1;1;0;0;0;1;1;1;0;0;0;1;1;1;0;0;0;1;1;1;0;0;0;1;1;1;0;0;0;1;1;1;0;0;0;1;1;1;0;0;0;1;1;1;0;0;0;1;1;48;Dead;
AOIS_121;1;0;0;0;1;1;1;0;0;0;1;1;1;0;0;0;1;1;1;0;0;0;1;1;1;0;0;0;1;1;1;0;0;0;1;1;1;0;0;0;1;1;1;0;0;0;1;1;1;0;0;0;1;1;1;0;0;0;1;1;1;0;0;0;1;1;1;0;0;0;1;1;1;0;0;0;1;1;1;0;0;0;1;1;1;0;0;0;1;1;1;0;0;0;1;1;48;Dead;
AOIS_122;1;0;0;0;1;1;1;0;0;0;1;1;1;0;0;0;1;1;1;0;0;0;1;1;1;0;0;0;1;1;1;0;0;0;1;1;1;0;0;0;1;1;1;0;0;0;1;1;1;0;0;0;1;1;1;0;0;0;1;1;1;0;0;0;1;1;1;0;0;0;1;1;1;0;0;0;1;1;1;0;0;0;1;1;1;0;0;0;1;1;1;0;0;0;1;1;48;Dead;
AORB_1;0;1;0;0;0;0;0;1;0;0;0;0;0;1;0;0;0;0;0;1;0;0;0;0;0;1;0;0;0;0;0;1;0;0;0;0;0;1;0;0;0;0;0;1;0;0;0;0;0;1;0;0;0;0;0;1;0;0;0;0;0;1;0;0;0;0;0;1;0;0;0;0;0;1;0;0;0;0;0;1;0;0;0;0;0;1;0;0;0;0;0;1;0;0;0;0;16;Dead;
AORB_2;0;1;0;0;0;0;0;1;0;0;0;0;0;1;0;0;0;0;0;1;0;0;0;0;0;1;0;0;0;0;0;1;0;0;0;0;0;1;0;0;0;0;0;1;0;0;0;0;0;1;0;0;0;0;0;1;0;0;0;0;0;1;0;0;0;0;0;1;0;0;0;0;0;1;0;0;0;0;0;1;0;0;0;0;0;1;0;0;0;0;0;1;0;0;0;0;16;Dead;
AORB_3;0;1;0;0;0;0;0;1;0;0;0;0;0;1;0;0;0;0;0;1;0;0;0;0;0;1;0;0;0;0;0;1;0;0;0;0;0;1;0;0;0;0;0;1;0;0;0;0;0;1;0;0;0;0;0;1;0;0;0;0;0;1;0;0;0;0;0;1;0;0;0;0;0;1;0;0;0;0;0;1;0;0;0;0;0;1;0;0;0;0;0;1;0;0;0;0;16;Dead;
AORB_4;0;1;0;0;0;0;0;1;0;0;0;0;0;1;0;0;0;0;0;1;0;0;0;0;0;1;0;0;0;0;0;1;0;0;0;0;0;1;0;0;0;0;0;1;0;0;0;0;0;1;0;0;0;0;0;1;0;0;0;0;0;1;0;0;0;0;0;1;0;0;0;0;0;1;0;0;0;0;0;1;0;0;0;0;0;1;0;0;0;0;0;1;0;0;0;0;16;Dead;
AORB_5;0;1;0;0;0;0;0;1;0;0;0;0;0;1;0;0;0;0;0;1;0;0;0;0;0;1;0;0;0;0;0;1;0;0;0;0;0;1;0;0;0;0;0;1;0;0;0;0;0;1;0;0;0;0;0;1;0;0;0;0;0;1;0;0;0;0;0;1;0;0;0;0;0;1;0;0;0;0;0;1;0;0;0;0;0;1;0;0;0;0;0;1;0;0;0;0;16;Dead;
AORB_6;0;1;0;0;0;0;0;1;0;0;0;0;0;1;0;0;0;0;0;1;0;0;0;0;0;1;0;0;0;0;0;1;0;0;0;0;0;1;0;0;0;0;0;1;0;0;0;0;0;1;0;0;0;0;0;1;0;0;0;0;0;1;0;0;0;0;0;1;0;0;0;0;0;1;0;0;0;0;0;1;0;0;0;0;0;1;0;0;0;0;0;1;0;0;0;0;16;Dead;
AORB_7;0;1;0;0;0;0;0;1;0;0;0;0;0;1;0;0;0;0;0;1;0;0;0;0;0;1;0;0;0;0;0;1;0;0;0;0;0;1;0;0;0;0;0;1;0;0;0;0;0;1;0;0;0;0;0;1;0;0;0;0;0;1;0;0;0;0;0;1;0;0;0;0;0;1;0;0;0;0;0;1;0;0;0;0;0;1;0;0;0;0;0;1;0;0;0;0;16;Dead;
AORB_8;0;1;0;0;0;0;0;1;0;0;0;0;0;1;0;0;0;0;0;1;0;0;0;0;0;1;0;0;0;0;0;1;0;0;0;0;0;1;0;0;0;0;0;1;0;0;0;0;0;1;0;0;0;0;0;1;0;0;0;0;0;1;0;0;0;0;0;1;0;0;0;0;0;1;0;0;0;0;0;1;0;0;0;0;0;1;0;0;0;0;0;1;0;0;0;0;16;Dead;
AORB_9;0;1;0;0;0;0;0;1;0;0;0;0;0;1;0;0;0;0;0;1;0;0;0;0;0;1;0;0;0;0;0;1;0;0;0;0;0;1;0;0;0;0;0;1;0;0;0;0;0;1;0;0;0;0;0;1;0;0;0;0;0;1;0;0;0;0;0;1;0;0;0;0;0;1;0;0;0;0;0;1;0;0;0;0;0;1;0;0;0;0;0;1;0;0;0;0;16;Dead;
AORB_10;0;1;0;0;0;0;0;1;0;0;0;0;0;1;0;0;0;0;0;1;0;0;0;0;0;1;0;0;0;0;0;1;0;0;0;0;0;1;0;0;0;0;0;1;0;0;0;0;0;1;0;0;0;0;0;1;0;0;0;0;0;1;0;0;0;0;0;1;0;0;0;0;0;1;0;0;0;0;0;1;0;0;0;0;0;1;0;0;0;0;0;1;0;0;0;0;16;Dead;
AORB_11;0;1;0;0;0;0;0;1;0;0;0;0;0;1;0;0;0;0;0;1;0;0;0;0;0;1;0;0;0;0;0;1;0;0;0;0;0;1;0;0;0;0;0;1;0;0;0;0;0;1;0;0;0;0;0;1;0;0;0;0;0;1;0;0;0;0;0;1;0;0;0;0;0;1;0;0;0;0;0;1;0;0;0;0;0;1;0;0;0;0;0;1;0;0;0;0;16;Dead;
AORB_12;0;1;0;0;0;0;0;1;0;0;0;0;0;1;0;0;0;0;0;1;0;0;0;0;0;1;0;0;0;0;0;1;0;0;0;0;0;1;0;0;0;0;0;1;0;0;0;0;0;1;0;0;0;0;0;1;0;0;0;0;0;1;0;0;0;0;0;1;0;0;0;0;0;1;0;0;0;0;0;1;0;0;0;0;0;1;0;0;0;0;0;1;0;0;0;0;16;Dead;
AORB_13;0;0;1;0;0;0;0;0;1;0;0;0;0;0;1;0;0;0;0;0;1;0;0;0;0;0;1;0;0;0;0;0;1;0;0;0;0;0;1;0;0;0;0;0;1;0;0;0;0;0;1;0;0;0;0;0;1;0;0;0;0;0;1;0;0;0;0;0;1;0;0;0;0;0;1;0;0;0;0;0;1;0;0;0;0;0;1;0;0;0;0;0;1;0;0;0;16;Dead;
AORB_14;0;0;1;0;0;0;0;0;1;0;0;0;0;0;1;0;0;0;0;0;1;0;0;0;0;0;1;0;0;0;0;0;1;0;0;0;0;0;1;0;0;0;0;0;1;0;0;0;0;0;1;0;0;0;0;0;1;0;0;0;0;0;1;0;0;0;0;0;1;0;0;0;0;0;1;0;0;0;0;0;1;0;0;0;0;0;1;0;0;0;0;0;1;0;0;0;16;Dead;
AORB_15;0;0;1;0;0;0;0;0;1;0;0;0;0;0;1;0;0;0;0;0;1;0;0;0;0;0;1;0;0;0;0;0;1;0;0;0;0;0;1;0;0;0;0;0;1;0;0;0;0;0;1;0;0;0;0;0;1;0;0;0;0;0;1;0;0;0;0;0;1;0;0;0;0;0;1;0;0;0;0;0;1;0;0;0;0;0;1;0;0;0;0;0;1;0;0;0;16;Dead;
AORB_16;0;0;1;0;0;0;0;0;1;0;0;0;0;0;1;0;0;0;0;0;1;0;0;0;0;0;1;0;0;0;0;0;1;0;0;0;0;0;1;0;0;0;0;0;1;0;0;0;0;0;1;0;0;0;0;0;1;0;0;0;0;0;1;0;0;0;0;0;1;0;0;0;0;0;1;0;0;0;0;0;1;0;0;0;0;0;1;0;0;0;0;0;1;0;0;0;16;Dead;
AORB_17;0;0;1;0;0;0;0;0;1;0;0;0;0;0;1;0;0;0;0;0;1;0;0;0;0;0;1;0;0;0;0;0;1;0;0;0;0;0;1;0;0;0;0;0;1;0;0;0;0;0;1;0;0;0;0;0;1;0;0;0;0;0;1;0;0;0;0;0;1;0;0;0;0;0;1;0;0;0;0;0;1;0;0;0;0;0;1;0;0;0;0;0;1;0;0;0;16;Dead;
AORB_18;0;0;1;0;0;0;0;0;1;0;0;0;0;0;1;0;0;0;0;0;1;0;0;0;0;0;1;0;0;0;0;0;1;0;0;0;0;0;1;0;0;0;0;0;1;0;0;0;0;0;1;0;0;0;0;0;1;0;0;0;0;0;1;0;0;0;0;0;1;0;0;0;0;0;1;0;0;0;0;0;1;0;0;0;0;0;1;0;0;0;0;0;1;0;0;0;16;Dead;
AORB_19;0;0;1;0;0;0;0;0;1;0;0;0;0;0;1;0;0;0;0;0;1;0;0;0;0;0;1;0;0;0;0;0;1;0;0;0;0;0;1;0;0;0;0;0;1;0;0;0;0;0;1;0;0;0;0;0;1;0;0;0;0;0;1;0;0;0;0;0;1;0;0;0;0;0;1;0;0;0;0;0;1;0;0;0;0;0;1;0;0;0;0;0;1;0;0;0;16;Dead;
AORB_20;0;0;1;0;0;0;0;0;1;0;0;0;0;0;1;0;0;0;0;0;1;0;0;0;0;0;1;0;0;0;0;0;1;0;0;0;0;0;1;0;0;0;0;0;1;0;0;0;0;0;1;0;0;0;0;0;1;0;0;0;0;0;1;0;0;0;0;0;1;0;0;0;0;0;1;0;0;0;0;0;1;0;0;0;0;0;1;0;0;0;0;0;1;0;0;0;16;Dead;
AORB_21;0;0;1;0;0;0;0;0;1;0;0;0;0;0;1;0;0;0;0;0;1;0;0;0;0;0;1;0;0;0;0;0;1;0;0;0;0;0;1;0;0;0;0;0;1;0;0;0;0;0;1;0;0;0;0;0;1;0;0;0;0;0;1;0;0;0;0;0;1;0;0;0;0;0;1;0;0;0;0;0;1;0;0;0;0;0;1;0;0;0;0;0;1;0;0;0;16;Dead;
AORB_22;0;0;1;0;0;0;0;0;1;0;0;0;0;0;1;0;0;0;0;0;1;0;0;0;0;0;1;0;0;0;0;0;1;0;0;0;0;0;1;0;0;0;0;0;1;0;0;0;0;0;1;0;0;0;0;0;1;0;0;0;0;0;1;0;0;0;0;0;1;0;0;0;0;0;1;0;0;0;0;0;1;0;0;0;0;0;1;0;0;0;0;0;1;0;0;0;16;Dead;
AORB_23;0;0;1;0;0;0;0;0;1;0;0;0;0;0;1;0;0;0;0;0;1;0;0;0;0;0;1;0;0;0;0;0;1;0;0;0;0;0;1;0;0;0;0;0;1;0;0;0;0;0;1;0;0;0;0;0;1;0;0;0;0;0;1;0;0;0;0;0;1;0;0;0;0;0;1;0;0;0;0;0;1;0;0;0;0;0;1;0;0;0;0;0;1;0;0;0;16;Dead;
AORB_24;0;0;1;0;0;0;0;0;1;0;0;0;0;0;1;0;0;0;0;0;1;0;0;0;0;0;1;0;0;0;0;0;1;0;0;0;0;0;1;0;0;0;0;0;1;0;0;0;0;0;1;0;0;0;0;0;1;0;0;0;0;0;1;0;0;0;0;0;1;0;0;0;0;0;1;0;0;0;0;0;1;0;0;0;0;0;1;0;0;0;0;0;1;0;0;0;16;Dead;
AORB_25;0;0;0;1;0;0;0;0;0;1;0;0;0;0;0;1;0;0;0;0;0;1;0;0;0;0;0;1;0;0;0;0;0;1;0;0;0;0;0;1;0;0;0;0;0;1;0;0;0;0;0;1;0;0;0;0;0;1;0;0;0;0;0;1;0;0;0;0;0;1;0;0;0;0;0;1;0;0;0;0;0;1;0;0;0;0;0;1;0;0;0;0;0;1;0;0;16;Dead;
AORB_26;0;0;0;1;0;0;0;0;0;1;0;0;0;0;0;1;0;0;0;0;0;1;0;0;0;0;0;1;0;0;0;0;0;1;0;0;0;0;0;1;0;0;0;0;0;1;0;0;0;0;0;1;0;0;0;0;0;1;0;0;0;0;0;1;0;0;0;0;0;1;0;0;0;0;0;1;0;0;0;0;0;1;0;0;0;0;0;1;0;0;0;0;0;1;0;0;16;Dead;
AORB_27;0;0;0;1;0;0;0;0;0;1;0;0;0;0;0;1;0;0;0;0;0;1;0;0;0;0;0;1;0;0;0;0;0;1;0;0;0;0;0;1;0;0;0;0;0;1;0;0;0;0;0;1;0;0;0;0;0;1;0;0;0;0;0;1;0;0;0;0;0;1;0;0;0;0;0;1;0;0;0;0;0;1;0;0;0;0;0;1;0;0;0;0;0;1;0;0;16;Dead;
AORB_28;0;0;0;1;0;0;0;0;0;1;0;0;0;0;0;1;0;0;0;0;0;1;0;0;0;0;0;1;0;0;0;0;0;1;0;0;0;0;0;1;0;0;0;0;0;1;0;0;0;0;0;1;0;0;0;0;0;1;0;0;0;0;0;1;0;0;0;0;0;1;0;0;0;0;0;1;0;0;0;0;0;1;0;0;0;0;0;1;0;0;0;0;0;1;0;0;16;Dead;
AORB_29;0;0;0;1;0;0;0;0;0;1;0;0;0;0;0;1;0;0;0;0;0;1;0;0;0;0;0;1;0;0;0;0;0;1;0;0;0;0;0;1;0;0;0;0;0;1;0;0;0;0;0;1;0;0;0;0;0;1;0;0;0;0;0;1;0;0;0;0;0;1;0;0;0;0;0;1;0;0;0;0;0;1;0;0;0;0;0;1;0;0;0;0;0;1;0;0;16;Dead;
AORB_30;0;0;0;1;0;0;0;0;0;1;0;0;0;0;0;1;0;0;0;0;0;1;0;0;0;0;0;1;0;0;0;0;0;1;0;0;0;0;0;1;0;0;0;0;0;1;0;0;0;0;0;1;0;0;0;0;0;1;0;0;0;0;0;1;0;0;0;0;0;1;0;0;0;0;0;1;0;0;0;0;0;1;0;0;0;0;0;1;0;0;0;0;0;1;0;0;16;Dead;
AORB_31;0;0;0;1;0;0;0;0;0;1;0;0;0;0;0;1;0;0;0;0;0;1;0;0;0;0;0;1;0;0;0;0;0;1;0;0;0;0;0;1;0;0;0;0;0;1;0;0;0;0;0;1;0;0;0;0;0;1;0;0;0;0;0;1;0;0;0;0;0;1;0;0;0;0;0;1;0;0;0;0;0;1;0;0;0;0;0;1;0;0;0;0;0;1;0;0;16;Dead;
AORB_32;0;0;0;1;0;0;0;0;0;1;0;0;0;0;0;1;0;0;0;0;0;1;0;0;0;0;0;1;0;0;0;0;0;1;0;0;0;0;0;1;0;0;0;0;0;1;0;0;0;0;0;1;0;0;0;0;0;1;0;0;0;0;0;1;0;0;0;0;0;1;0;0;0;0;0;1;0;0;0;0;0;1;0;0;0;0;0;1;0;0;0;0;0;1;0;0;16;Dead;
AORB_33;0;0;0;1;0;0;0;0;0;1;0;0;0;0;0;1;0;0;0;0;0;1;0;0;0;0;0;1;0;0;0;0;0;1;0;0;0;0;0;1;0;0;0;0;0;1;0;0;0;0;0;1;0;0;0;0;0;1;0;0;0;0;0;1;0;0;0;0;0;1;0;0;0;0;0;1;0;0;0;0;0;1;0;0;0;0;0;1;0;0;0;0;0;1;0;0;16;Dead;
AORB_34;0;0;0;1;0;0;0;0;0;1;0;0;0;0;0;1;0;0;0;0;0;1;0;0;0;0;0;1;0;0;0;0;0;1;0;0;0;0;0;1;0;0;0;0;0;1;0;0;0;0;0;1;0;0;0;0;0;1;0;0;0;0;0;1;0;0;0;0;0;1;0;0;0;0;0;1;0;0;0;0;0;1;0;0;0;0;0;1;0;0;0;0;0;1;0;0;16;Dead;
AORB_35;0;0;0;1;0;0;0;0;0;1;0;0;0;0;0;1;0;0;0;0;0;1;0;0;0;0;0;1;0;0;0;0;0;1;0;0;0;0;0;1;0;0;0;0;0;1;0;0;0;0;0;1;0;0;0;0;0;1;0;0;0;0;0;1;0;0;0;0;0;1;0;0;0;0;0;1;0;0;0;0;0;1;0;0;0;0;0;1;0;0;0;0;0;1;0;0;16;Dead;
AORB_36;0;0;0;1;0;0;0;0;0;1;0;0;0;0;0;1;0;0;0;0;0;1;0;0;0;0;0;1;0;0;0;0;0;1;0;0;0;0;0;1;0;0;0;0;0;1;0;0;0;0;0;1;0;0;0;0;0;1;0;0;0;0;0;1;0;0;0;0;0;1;0;0;0;0;0;1;0;0;0;0;0;1;0;0;0;0;0;1;0;0;0;0;0;1;0;0;16;Dead;
AORB_37;1;0;0;0;1;1;1;0;0;0;1;1;1;0;0;0;1;1;1;0;0;0;1;1;1;0;0;0;1;1;1;0;0;0;1;1;1;0;0;0;1;1;1;0;0;0;1;1;1;0;0;0;1;1;1;0;0;0;1;1;1;0;0;0;1;1;1;0;0;0;1;1;1;0;0;0;1;1;1;0;0;0;1;1;1;0;0;0;1;1;1;0;0;0;1;1;48;Dead;
AORB_38;1;0;0;0;1;1;1;0;0;0;1;1;1;0;0;0;1;1;1;0;0;0;1;1;1;0;0;0;1;1;1;0;0;0;1;1;1;0;0;0;1;1;1;0;0;0;1;1;1;0;0;0;1;1;1;0;0;0;1;1;1;0;0;0;1;1;1;0;0;0;1;1;1;0;0;0;1;1;1;0;0;0;1;1;1;0;0;0;1;1;1;0;0;0;1;1;48;Dead;
AORB_39;1;0;0;0;1;1;1;0;0;0;1;1;1;0;0;0;1;1;1;0;0;0;1;1;1;0;0;0;1;1;1;0;0;0;1;1;1;0;0;0;1;1;1;0;0;0;1;1;1;0;0;0;1;1;1;0;0;0;1;1;1;0;0;0;1;1;1;0;0;0;1;1;1;0;0;0;1;1;1;0;0;0;1;1;1;0;0;0;1;1;1;0;0;0;1;1;48;Dead;
AORB_40;1;0;0;0;1;1;1;0;0;0;1;1;1;0;0;0;1;1;1;0;0;0;1;1;1;0;0;0;1;1;1;0;0;0;1;1;1;0;0;0;1;1;1;0;0;0;1;1;1;0;0;0;1;1;1;0;0;0;1;1;1;0;0;0;1;1;1;0;0;0;1;1;1;0;0;0;1;1;1;0;0;0;1;1;1;0;0;0;1;1;1;0;0;0;1;1;48;Dead;
AORB_41;1;0;0;0;1;1;1;0;0;0;1;1;1;0;0;0;1;1;1;0;0;0;1;1;1;0;0;0;1;1;1;0;0;0;1;1;1;0;0;0;1;1;1;0;0;0;1;1;1;0;0;0;1;1;1;0;0;0;1;1;1;0;0;0;1;1;1;0;0;0;1;1;1;0;0;0;1;1;1;0;0;0;1;1;1;0;0;0;1;1;1;0;0;0;1;1;48;Dead;
AORB_42;1;0;0;0;1;1;1;0;0;0;1;1;1;0;0;0;1;1;1;0;0;0;1;1;1;0;0;0;1;1;1;0;0;0;1;1;1;0;0;0;1;1;1;0;0;0;1;1;1;0;0;0;1;1;1;0;0;0;1;1;1;0;0;0;1;1;1;0;0;0;1;1;1;0;0;0;1;1;1;0;0;0;1;1;1;0;0;0;1;1;1;0;0;0;1;1;48;Dead;
AORB_43;1;0;0;0;1;1;1;0;0;0;1;1;1;0;0;0;1;1;1;0;0;0;1;1;1;0;0;0;1;1;1;0;0;0;1;1;1;0;0;0;1;1;1;0;0;0;1;1;1;0;0;0;1;1;1;0;0;0;1;1;1;0;0;0;1;1;1;0;0;0;1;1;1;0;0;0;1;1;1;0;0;0;1;1;1;0;0;0;1;1;1;0;0;0;1;1;48;Dead;
AORB_44;1;0;0;0;1;1;1;0;0;0;1;1;1;0;0;0;1;1;1;0;0;0;1;1;1;0;0;0;1;1;1;0;0;0;1;1;1;0;0;0;1;1;1;0;0;0;1;1;1;0;0;0;1;1;1;0;0;0;1;1;1;0;0;0;1;1;1;0;0;0;1;1;1;0;0;0;1;1;1;0;0;0;1;1;1;0;0;0;1;1;1;0;0;0;1;1;48;Dead;
AORB_45;1;0;0;0;1;1;1;0;0;0;1;1;1;0;0;0;1;1;1;0;0;0;1;1;1;0;0;0;1;1;1;0;0;0;1;1;1;0;0;0;1;1;1;0;0;0;1;1;1;0;0;0;1;1;1;0;0;0;1;1;1;0;0;0;1;1;1;0;0;0;1;1;1;0;0;0;1;1;1;0;0;0;1;1;1;0;0;0;1;1;1;0;0;0;1;1;48;Dead;
AORB_46;1;0;0;0;1;1;1;0;0;0;1;1;1;0;0;0;1;1;1;0;0;0;1;1;1;0;0;0;1;1;1;0;0;0;1;1;1;0;0;0;1;1;1;0;0;0;1;1;1;0;0;0;1;1;1;0;0;0;1;1;1;0;0;0;1;1;1;0;0;0;1;1;1;0;0;0;1;1;1;0;0;0;1;1;1;0;0;0;1;1;1;0;0;0;1;1;48;Dead;
AORB_47;1;0;0;0;1;1;1;0;0;0;1;1;1;0;0;0;1;1;1;0;0;0;1;1;1;0;0;0;1;1;1;0;0;0;1;1;1;0;0;0;1;1;1;0;0;0;1;1;1;0;0;0;1;1;1;0;0;0;1;1;1;0;0;0;1;1;1;0;0;0;1;1;1;0;0;0;1;1;1;0;0;0;1;1;1;0;0;0;1;1;1;0;0;0;1;1;48;Dead;
AORB_48;1;0;0;0;1;1;1;0;0;0;1;1;1;0;0;0;1;1;1;0;0;0;1;1;1;0;0;0;1;1;1;0;0;0;1;1;1;0;0;0;1;1;1;0;0;0;1;1;1;0;0;0;1;1;1;0;0;0;1;1;1;0;0;0;1;1;1;0;0;0;1;1;1;0;0;0;1;1;1;0;0;0;1;1;1;0;0;0;1;1;1;0;0;0;1;1;48;Dead;
